phenotype_id	variant_id	pip	pval_nominal	slope	z_sv_flag	nearest_gene	score_weighted	score_elasticnet
chr22_44360552	chr22:44360552:G:A	1.0	1.81e-32	-1.199	2.565	ENSG00000220702	27.696	0.322
chr22_47918793	chr22:47918714:G:A	1.0	2.22e-38	-1.38	-0.39	ENSG00000279712	27.232	0.274
chr22_23924893	chr22:23924767:A:C	0.983	2.09e-36	1.161	2.565	ENSG00000225282	26.137	0.274
chr22_17404114	chr22:17404078:T:G	1.0	1.23e-30	-1.216	2.565	ENSG00000229492	25.854	0.243
chr22_47918791	chr22:47918714:G:A	1.0	2.24e-35	-1.384	-0.39	ENSG00000279712	25.844	0.301
chr22_43233179	chr22:43233182:C:T	1.0	2.92e-33	-1.147	-0.39	ENSG00000234892	25.296	0.302
chr22_47918807	chr22:47918714:G:A	1.0	5.14e-34	-1.328	-0.39	ENSG00000279712	25.117	0.28
chr22_47918737	chr22:47918714:G:A	1.0	9.74e-33	-1.354	-0.39	ENSG00000279712	24.896	0.303
chr22_47918774	chr22:47918714:G:A	1.0	1.92e-32	-1.352	-0.39	ENSG00000279712	24.731	0.23
chr22_17404118	chr22:17404078:T:G	1.0	2.01e-27	-1.181	2.565	ENSG00000229492	24.332	0.239
chr22_27196780	chr22:27196780:G:T	1.0	4.33e-32	-1.157	-0.39	ENSG00000238195	24.328	0.349
chr22_23930668	chr22:23924767:A:C	1.0	8.95e-33	1.17	2.565	ENSG00000225282	24.169	0.138
chr22_47918751	chr22:47918714:G:A	1.0	2.26e-31	-1.334	-0.39	ENSG00000279712	24.144	0.297
chr22_47918746	chr22:47918714:G:A	1.0	1.29e-31	-1.352	-0.39	ENSG00000279712	24.126	0.369
chr22_49213760	chr22:49213760:G:A	1.0	1.50e-27	-1.105	2.565	RPL35P8	23.938	0.307
chr22_47918624	chr22:47918714:G:A	1.0	1.32e-31	-1.338	-0.39	ENSG00000279712	23.848	0.363
chr22_47918813	chr22:47918714:G:A	1.0	4.75e-31	-1.312	-0.39	ENSG00000279712	23.777	0.271
chr22_45100471	chr22:45100712:C:G	0.999	4.26e-32	-1.43	-0.39	ENSG00000273243	23.561	0.118
chr22_37158881	chr22:37158799:C:G	1.0	3.70e-32	-1.174	-0.39	ENSG00000235237	23.544	0.246
chr22_23925160	chr22:23927818:T:C	1.0	8.54e-25	-1.349	2.565	ENSG00000225282	23.505	0.246
chr22_17404130	chr22:17404078:T:G	1.0	5.29e-26	-1.107	2.565	ENSG00000229492	23.457	0.239
chr22_47918136	chr22:47918714:G:A	1.0	2.31e-25	1.102	2.565	ENSG00000279712	23.441	0.179
chr22_23919778	chr22:23908608:C:G	1.0	2.90e-24	1.148	2.565	ENSG00000225282	22.54	0.13
chr22_37158734	chr22:37158799:C:G	1.0	2.84e-30	-1.156	-0.39	ENSG00000235237	22.492	0.328
chr22_37158884	chr22:37158799:C:G	1.0	9.61e-30	-1.208	-0.39	ENSG00000235237	22.451	0.281
chr22_23923913	chr22:23924767:A:C	1.0	7.12e-28	1.111	2.565	ENSG00000225282	22.124	0.214
chr22_23907790	chr22:23924767:A:C	0.992	1.75e-28	1.104	2.565	ENSG00000273295	21.733	0.143
chr22_27253743	chr22:27253743:A:G	1.0	1.05e-26	1.125	-0.39	ENSG00000233574	21.695	0.275
chr22_23923604	chr22:23924767:A:C	0.998	3.76e-27	1.038	2.565	ENSG00000225282	21.476	0.235
chr22_40728788	chr22:40728988:C:T	0.999	6.21e-21	1.453	2.565	ENSG00000289292	21.349	0.241
